id,drone_vel_x,drone_vel_y,drone_vel_z,drone_attitude_w,drone_attitude_x,drone_attitude_y,drone_attitude_z,target_pos_x,target_pos_y,target_pos_z,target_vel_x,target_vel_y,target_vel_z
20230418114427.0,-0.0307794788566338,-0.0125439684717222,0.0100624133967034,0.9983606918204542,0.0052893190148167,-0.00134785057517,0.0569748666604021,-28.335897296737866,2.745324892880908,0.0983324739624374,0.0307794788566339,0.0125439684717222,-0.0100624133967034
20230418114458.0,0.073755108831773,-0.0113267688915752,-0.0382101607546332,0.0131629661125117,-0.0012163793277776,-0.0037414102732594,-0.9999056248434744,4.006582365623578,-0.4572289790330612,-0.0098243333492683,-0.073755108831773,0.0113267688915752,0.0382101607546332
20230418114508.0,-0.0257488063338207,0.0086653179725799,-0.0209850527426441,-0.0424071888944905,-0.0008336466632946,-0.0015728884622265,-0.9990988246340764,-1.0825661515500662,-0.5829324348520918,0.0035322721681323,0.0257488063338207,-0.0086653179725799,0.0209850527426441
20230418114529.0,-0.05552253523932053,-0.012378896848698815,0.04218705208236623,0.976126114404409,0.001788442543224068,-0.0017975173848285132,0.21718973083981566,22.229813538916645,0.20108108073719766,-0.055293396314019035,0.055522535239320533,0.012378896848698818,-0.042187052082366235
