id,drone_vel_x,drone_vel_y,drone_vel_z,drone_attitude_w,drone_attitude_x,drone_attitude_y,drone_attitude_z,target_pos_x,target_pos_y,target_pos_z,target_vel_x,target_vel_y,target_vel_z
20230417230517.0,0.0157433228237033,0.0110127450750869,-0.1460788617759684,-0.9999607492528584,0.0066893584631148,-0.0058094668065363,-5.03233352567156e-05,16.020406131846197,-10.999440622291464,0.0390034434856433,-0.0157433228237033,-0.0110127450750869,0.1460788617759684
20230417230609.0,-0.020852320241843,-0.0417531096301352,0.0644188607840652,-0.9549633203972804,-3.9181998189709535e-05,-0.0007703131634366,0.2967228703322389,-11.991112828041718,13.13634107003046,-0.0128985818044386,0.020852320241843,0.0417531096301352,-0.0644188607840652
20230417230651.0,-0.0297942059077998,0.0492440355609467,-0.0191077433967376,-0.7157486829087982,-0.0011114448361402,0.0018179752946472,-0.698354696819979,-5.051867311938746,16.464162047077277,0.0366003333188365,0.0297942059077998,-0.0492440355609467,0.0191077433967376
20230417230712.0,0.11840195076510139,0.002688648279014302,-0.023607961802410076,0.13538428268618802,0.00031541460126352646,-0.0014554935005038055,-0.9907920458168029,-17.076807451346266,15.302310687415801,-0.049385117518718116,-0.11840195076510138,-0.002688648279014296,0.023607961802410083
